Name,Price,Subscribers
Learn Web Designing & HTML5/CSS3 Essentials in 4-Hours,75,43285
Learning Dynamic Website Design - PHP MySQL and JavaScript,50,47886
ChatBots: Messenger ChatBot with API.AI and Node.JS,50,2577
Projects in HTML5,60,8777
Programming Foundations: HTML5 + CSS3 for Entrepreneurs 2015,20,23764
How To Make A Wordpress Website 2017 | Divi Theme Tutorial,40,3541
Build Your Own Backend REST API using Django REST Framework,50,2669
Angular and Firebase - Build a Web App with Typescript,150,1966
Web Development Masterclass - Complete Certificate Course,200,4090
Spring Boot Tutorial For Beginners,40,2578
The Complete Bootstrap Masterclass Course - Build 4 Projects,195,24978
Scaling Docker on AWS,25,3133
Learn JavaScript for beginners,200,15276
HTML Tutorial: HTML & CSS for Beginners,20,12458
Learn by Doing: Vue JS 2.0 the Right Way,95,1087
Learn Complete Web Development From Scratch,40,14074
Introduction to Web Development: HTML,20,26800
Web Site for Beginners - Learn Web Building like knitting,20,9425
How To Make A Wordpress Website 2017 - Divi Theme Tutorial,40,2780
Web Programming with Python,50,35267
PHP Login and Registration System - Email Confirm Activation,100,2607
PSD to Responsive HTML5: Beginner to Advanced,40,1502
Ultimate Web Developer Course Build 10 Websites from Scratch,200,9359
Rapid Website Design with Bootstrap,200,14842
Build Enterprise Applications with Angular 2 (and Angular 4),190,6082
Angular 4 (2+) Crash Course for Beginners,120,12366
Accelerated JavaScript Training,110,4720
"Beginner API development in Node, Express, ES6, & MongoDB",165,7057
React JS and Redux - Mastering Web Apps,60,16829
Web Development w/ Google’s Go (golang) Programming Language,65,4872
Git a Web Developer Job: Mastering the Modern Workflow,200,5809
The Complete WordPress Website Business Course,150,13439
The Complete HTML and CSS Course For Beginners,85,733
Learn  Bootstrap Development By Building 10 Projects,60,14813
Advanced Javascript,200,6601
Dissecting Ruby on Rails 5 - Become a Professional Developer,195,2804
The Complete Wordpress Course - Build Your Own Website Today,195,9421
JQuery Essentials core training for Dynamic Interactive web,100,9668
Node.js: The Essentials + API Frameworks Express KOA Sails,20,2760
The Complete PHP Bootcamp Course With Video Sharing Project,195,9831
Build a Single Page Application with jQuery & AJAX,60,486
Practical CSS Website Development: Crash Course ,95,11170
Successful website creation - everything you need to know,150,9384
Start Writing JavaScript Today - Beginner JavaScript Course,100,9067
HTML5 Essentials for Beginners,20,10247
Code a personal splash page in 1 hour,20,10610
Step-by-step HTML and CSS for Absolute Beginners,120,6162
Angular 4 Development Decoded,20,1802
Javascript ES6! A Complete Reference Guide to Javascript ES6,175,4783
Reactive JS:  Are you ready for the next big paradigm shift?,60,2097
Learn Python and Django: Payment Processing,70,17714
Code your first Website using HTML & CSS: Project Learning,20,9554
"React.js: Building Production Ready Apps, Start to Finish",50,1129
Learn Object Oriented Programming PHP fundamentals bootcamp,100,22213
Javascript Intermediate level 2 - Mastering Functions,100,2412
1 Hour CSS,100,18324
"Become a Full Stack Developer with Spring, AWS and Stripe",75,1696
Complete JQuery And JQuery UI Course For Beginner,80,7169
Learn JavaScript for Web Development,75,12893
"Complete AJAX Using Bootstrap, PHP From Basic To Advanced.",195,4708
Complete Wordpress Theme Development Course,150,1050
How to Optimise Your WordPress Website's Speed & Security to Improve SEO & User Experience,125,7852
Build A Web App With Spring Framework and Angular 2,145,1683
Projects in Laravel: Learn Laravel Building 10 Projects,50,119
Javascript Intermediate level 3 - JSON,100,1735
Develop Your First App in an Hour,20,3699
PHP: Ultimate guide to PHP for everyone,115,10103
JavaScript DOM Dynamic Web interactive content Boot Camp,75,7380
"Master JavaScript Programming, 3 Projects Included !!",20,3903
HTML CSS Learn to create a website from scratch,50,4892
Complete Codeigniter: From Beginner to Advanced,200,2786
HTML 5: How I made websites in HTML5,135,15064
"Build Responsive Website Using HTML5, CSS3, JS And Bootstrap",95,22623
Complete React JS web developer with ES6 - Build 10 projects,200,952
Complete WordPress Theme Developer Course With Bootstrap,150,3415
The Complete Ethical Hacking Course 2.0: Python & Kali Linux,195,7827
Dynamic JavaScript Master Class AJAX JSON Simple APIs,200,9773
Vue JS - Mastering Web Apps,80,13457
Angular NgRx Store Masterclass - Covers Angular 4,150,1399
JavaScript the Basics - JavaScript for Beginners,120,4028
"Complete E-Commerce Course - Java,Spring,Hibernate and MySQL",195,1371
"Learn SVG Animation - With HTML, CSS & Javascript",65,12953
"Build a Responsive Website with HTML5, CSS3 and Bootstrap 4",20,5125
Learn Web Designing & HTML5/CSS3 Essentials in 4-Hours,75,43285
CSS Development (with CSS3!),20,25864
Angular 2 & TypeScript Beginner Web Development,200,5211
The Docker for DevOps course: From development to production,25,8234
"Beginner Full Stack Web Development: HTML, CSS, React & Node",200,2687
Learn Angular 2 Development By Building 12 Apps,50,5143
"Server API Development in Swift, Kitura, & Bluemix",200,1827
React VR - Creating Virtual Reality Apps,80,5026
RxJs & Reactive Programming Angular Masterclass - Angular 4,150,1301
"Coding for Entrepreneurs: Learn Python, Django, and More.",195,23412
React and Flux Web Development for Beginners,100,8691
The Full Stack Web Development,60,3119
Learn Nodejs by building 12 projects,50,10150
How to Make an Online Portfolio Website from Scratch ,Free,14026
How To Make A Web Page With No Code,Free,2214
Spring Framework 4 And Dependency Injection For Beginners,Free,21147
Joomla 3 - The Basics,Free,19909
jQuery in Action: Build 8 jQuery Projects,100,1385
Master WordPress Plugins: Shortcodes Ultimate - The Basics,Free,10780
ASP.NET C# - Enterprise Web Systems From Novice to Expert,20,604
Wordpress - Create an Outstanding Website in 2 hours,30,1772
Complete Website & CMS in PHP & MySQL From Scratch!,20,3357
The Complete Web Development Tutorial Using React and Redux,40,796
Create and Deploy a Web App in 3 Hours,50,4123
HTML & CSS From Scratch in 30 Days,75,2697
Getting Started with Craft CMS,20,997
JavaScript For Absolute Beginners - Level One,65,713
Effective Personal Website Building and Hosting,20,4259
Web Design for Web Developers: Build Beautiful Websites!,Free,98867
"Learn Rails: Quickly Code, Style and Launch 4 Web Apps",200,1849
Getting Started with NodeJS for Beginners,195,1645
Quickstart AngularJS,Free,64128
Byte-Sized-Chunks: Cascading Style Sheets (CSS) with HTML,20,2160
Learn Building Your Own Website Without Coding,50,7660
Practical Guide to Web Development,20,2025
The Complete HTML5 and CSS3 Course,40,1548
HTML & CSS for beginners: Build 3 projects from scratch,40,2472
Code a 'Coming Soon' Landing Page in Bootstrap 4,Free,13535
Introduction to Bootstrap 3,20,5795
Master ExpressJS to Build Web Apps with NodeJS&JavaScript,50,2643
Learn XML Crash Course: Discover Essential XML Fundamentals ,50,3704
HTML5 CSS3 JQUERY Single Page Website Project from Scratch,120,1678
Scrape Websites using PhantomJS and CasperJS,195,960
Amazon s3 Mastery - THE How-To' Guides For Amazon S3,95,1811
HTML and CSS Crash Course for Beginners,50,4123
EMMET Faster HTML & CSS workflow - Best Tool For Developers ,Free,26697
Introduction to Web Development,50,5921
AngularJS For ASP.NET MVC Developers,50,3011
Serverless Workflow Management with AWS Step Functions,Free,8768
How to set up a Web Server From Scratch to One Fully Managed,200,1673
The Complete PHP MySQL Professional Course with 5 Projects,200,16158
Angular Masterclass,150,4057
Become a Professional Web Developer | Version 3.0,200,6851
Build Incredible Chatbots,100,2234
Try Django 1.10 | Create a URL Shortening Service,50,9607
Projects in CSS,60,4689
Ruby on Rails: Training and Skills to Build Web Applications,95,9375
Learn and Understand React,30,4848
Learn Javascript & JQuery From Scratch,30,84897
Learn to use JSON,150,12838
The Ultimate Web Developer How To Guide,200,24861
"Build A Complete CRUD Application With PHP, MYSQL & JQUERY",20,9762
jQuery Crash Course: Learn the Essentials of jQuery Fast,50,11262
Drupal Tutorial : Drupal 8 Beginner to Expert in 8 PROJECTS,200,1270
The Complete PHP CodeIgniter Course: Beginner To Advanced,195,17895
JavaScript For Beginners : Learn JavaScript From Scratch,195,11285
"Mastering 'Native CSS Shapes To Build Modern Web Pages""",195,1040
WordPress Development For Beginners,95,23572
WordPress local server setup and site migration online,55,3801
PHP Fundamentals - Start Earning The Top Dollars You Deserve,195,12068
Interactive Dynamic JavaScript for beginners DOM,200,5559
Javascript Intermediate level 1 - Mastering the DOM,100,1838
Sublime Text for Rapid Web Development,20,2104
Servlets and JSPs Tutorial: Learn Web Applications With Java,35,15187
Projects in PHP and MySQL,60,10606
PHP OOP: Object Oriented Programming for beginners + Project,200,6497
React Redux React-Router: From Beginner to Paid Professional,20,11536
Django Core | A Reference Guide to Core Django Concepts,195,16282
"Angular 2 Complete E-Commerce App Course - Java,Spring,MySQL",195,949
"Build An Online Bank With Java, Angular 2, Spring and More",195,1995
The Complete jQuery Course: From Beginner To Advanced!,195,6636
Projects in AngularJS - Learn by building 10 Projects,40,7146
The Ultimate Vue JS 2 Developers Course,195,1703
React JS - Build real world JS apps & deploy on cloud,175,12815
Angular 4 Front To Back,40,44
"Modern Web Development with SASS, Gulp, NPM & Web Workflows",95,502
"HTML5, CSS3 And JavaScript Fundamentals 2016",115,627
"Angular 4 - Concepts, Code and Collective Wisdom",50,851
Learn E-Commerce Website in PHP & MySQL From Scratch!,Free,29990
JavaScript Game Development: Create Your Own Breakout Game,Free,10179
HTML and HTML5 For Beginners 2016,200,563
A Very Complete Introduction To Laravel,20,2320
"Learn to code, Become a Web Developer and Master JavaScript!",200,2353
Serverless Architecture on Amazon Web Services,Free,13210
jQuery Essentials: Learn the Fundamental of jQuery,20,1004
Expert Guide : Mastering Functions in JavaScript !,195,3015
Learn Angular 4 from Scratch,Free,8693
Discover HTML Essential guide to HTML how to create webpages,85,8711
HTML5 and CSS3 for beginners: Create a Website from Scratch,200,9945
Introduction to Web Development,20,18143
jQuery Fundamentals Powerful Bootcamp for beginners,150,13882
The Complete HTML & CSS Course - From Novice To Professional,195,57422
JavaScript Basics Web Development Building Blocks,95,10179
Bootstrap unleash the power faster & easier web development,150,18101
JavaScript Design Patterns: 20 Patterns for Expert Code,95,2789
Fix Google's New 'Not Secure' Warning with Let's Encrypt!,95,1437
JavaScript for Beginners Welcome to learning JavaScript,50,10864
Benefits of Thinking Mobile First Future of Website Design,75,14254
Javascript from Beginner to Advanced Level,195,6134
AJAX Development,20,7867
Interaction Design Specialist For Web Developers,95,8594
PHP Security,50,1892
The Bubble Course - Create Complete Web Apps without Coding,30,3960
The Complete HTML5 & CSS3 Course Build Professional Websites,195,10518
CSS Web Development Crash Course,20,10008
Mastering DevOps,100,1023
Building Websites Create a fully functional Web contact form,200,3392
Create a Dynamic User Registration Form from scratch,100,7213
A 13 Hour SQL Server 2014 /ASP.NET/CSS/C#/jQuery Course,35,4183
HTML Workshop,20,25854
Python for Beginners: Python Programming Language | Tutorial,150,6153
Creating Animations using HTML5 Canvas,25,4010
Bootstrap 4: Exploring New Features,75,5022
Bootstrap 3 -> Profitable WordPress Theme Development!,40,5547
Intro to Git,20,2532
WordPress Domination #2: Leads & Scarcity,95,2362
Learn How to Manage & Customize  Web Sites By Drupal CMS,140,7741
Using Modern JavaScript Today,50,1658
Up and Running with jQuery,Free,3324
Learn How To Build A Professional Web Site By Using Joomla,70,7184
Power up HTML5 with JavaScript,100,4442
Node Package Manager Course: Build and Publish NPM Modules,30,7196
WordPress Look and Feel with Themes,25,2371
PHP with Laravel for beginners - Become a Master in Laravel,150,8496
JavaScript 2017: Become Top Rated Web Developer,115,1346
The Complete Web Developer Bootcamp - Beginner to Expert,190,14103
Full-Stack Web Apps with Meteor and React,85,3295
Angular 4: From Theory to Practice & FREE E-Book,200,4375
The Complete Sass & SCSS Course: From Beginner to Advanced,195,12021
Become a Certified Web Developer,100,26673
Become a Web Developer from Scratch,120,69186
Ultimate Angular 4 (previously Angular 2) with Bootstrap 4,50,11384
The Ultimate Beginner's Guide to Django,200,2390
React JS - Mastering Redux,100,7059
Professional Ruby on Rails Developer with Rails 5,200,3179
"Ruby on Rails 5 - BDD, RSpec and Capybara",200,1870
Back to School Web Development and Programming Bundle,200,18170
Complete ASP NET MVC Web Development - Newbie to Ninja!,195,6073
The Complete DevOps Engineer Course 2.0 - Java & Kubernetes,195,5335
All about NodeJS,50,8755
How To Create A Wordpress Website 2016 | NEW Divi Theme 3.0!,40,4144
The Complete jQuery Course - From Beginner to Professional!,200,6420
Build a complete Fiverr clone with Node + Algolia + Paypal,30,1741
The Ultimate Web Development Course,50,9881
React From The Ground Up,150,3252
Javascript for Beginners Learn by Doing Practical Exercises,100,5089
8 Beautiful Ruby on Rails Apps in 30 Days & TDD - Immersive ,100,5962
Wordpress Website Mastery 2017,Free,5181
How To Make an eCommerce Website With Wordpress 2017,Free,3493
Mastering ASP.NET MVC 5 From Scratch Using C#,50,417
Start Web Development with GIS Map in JavaScript,60,1599
Learn to Build Websites using Twitter Bootstrap,Free,15134
Web Development Tools the Pros Use: Code Productivity Hacks,30,2596
WordPress : An Overview,45,1783
Create Startup Landing Page with Viral Marketing Strategies,Free,12974
JavaScript : JavaScript Awesomeness,25,785
Mastering CSS 3.0 Selectors,Free,4115
WordPress Backup And Restore Fundamentals,Free,13242
Learn HTML and CSS to make a Website,20,1154
1 Hour HTML,200,16212
Angular 2 Crash Course with TypeScript,100,16409
Boost your website speed without any coding!,50,1337
Professional Rails Code Along,40,1469
ASP.NET Web API 2 Hands-On,20,2660
Create a MEAN App by Example - Full Stack Course,50,421
The Original Complete Web Developer Course.,20,31070
Angular 2 From The Ground Up,30,1737
Complete Web Development Course + Building 5 Websites!,200,11492
WP Plugin Development - Build your own plugin!,200,5439
Sass: From Beginner to Advanced,40,8059
Build Flat Responsive Website from Scratch - Complete Course,35,12105
Wordpress for Beginners - Build a Live Website from Scratch,20,3877
"Essential JavaScript, jQuery and AngularJS Training",30,2919
The Pro Ruby on Rails Starter,45,2409
Unit Testing AngularJS: Build Bugfree Apps That Always Work!,25,2083
WordPress Blog : Create a WordPress Website for Beginners,20,2076
Introduction to HTML5 Canvas basics of drawing,200,2918
"Thoughtful Web Development Course: HTML, Vue.js, PHP, MySQL",200,842
Kids Coding - Beginners CSS,100,7130
PHP & MySQL - Learn The Easy Way. Master PHP & MySQL Quickly,50,5549
Learning Path: Magento: Master and Test Magento 2 with Ease,200,155
The Complete hapiJS Course - Go From Beginner To Advanced!,195,1697
Ruby On Rails For Web Development,195,2526
Create eye-catching WordPress website from scratch,30,2342
Become A Web Developer And Seller - Build Websites With HTML,200,21730
WordPress Tips and Tricks,200,1117
HTML Tutorials : HTML Code for Website Creating,20,2401
Complete HTML5 and CSS3 Course +1 Start to Finish Project,200,3887
Web Development With HTML CSS BOOTSTRAP JQUERY for Beginners,35,1156
HTML5 Specialist: Comprehensive HTML5 Training,100,1385
CSS and CSS3 For Absolute Beginners,75,10890
Build a Complete JQuery Plugin (Image Pop-up Dialog),20,1126
How to create HTML Forms,30,3652
ReactJS and Flux: Learn By Building 10 Projects,60,1723
How To Make A Business Website In 1 Day With Wix FAST & EASY,20,3759
PHP Date and Time Course by Edwin Diaz,40,1653
Start Your Own Forum Website in 15 Minutes ,40,5387
Hit the ground running with AngularJS with Dion Yang,100,4563
Learn CSS Transition and Animation ,100,3757
Learn JavaScript from scratch,20,4193
WordPress for Beginners - Tutorial - From Novice to Know-How,20,3694
RESTful API with Laravel,45,1905
Learn Ruby on Rails for Absolute Beginners,195,2875
JavaScript Tutorial,180,613
Shopping Cart Website from Scratch Ecommerce,200,633
Learn By Example: Angular JS,50,1515
The Complete front end web developer Bootcamp - 14 projects,200,900
WordPress LMS: E-Learning Website Made Easy,20,2382
Create An HTML5 Video Player From Scratch,Free,32260
In Depth Web Development Made Easy,25,3249
Jquery :basics for beginners,50,1274
Web Development By Doing: HTML / CSS From Scratch,Free,72932
Build Your First Website in 1 Week with HTML5 and CSS3,Free,120291
"ASP.NET Core MVC, Quick and Practical",20,387
Better way towards CSS using Less and Sass,20,2227
JavaScript Complete for beginners with real world Apps,120,2652
Creating a Responsive HTML Email,20,2520
Angular 2 Demystified,20,3150
Learn HTML Fast and Easy!,20,4011
How To Setup a Micro-Blog in 3 Easy Steps,25,6937
Ruby on Rails for Complete Beginners,35,4839
Wordpress for Non-Technical People,150,2346
ASP NET CORE - ANGULAR 2 E-Commerce App,200,897
Introductory JavaScript Made Easy Training Tutorial,20,9381
Become a Heroku Rails Ninja: Expert Level Deployment Tools,50,7090
Complete RESPONSIVE Website Design with HTML5 & CSS3,20,2204
Pimcore Developer: Implement a Blog from a Bootstrap Theme,95,1212
Inspirational Web Development - A Beginner Approach -,20,5328
"Learn HTML, A practical guide from scratch to HTML 5",100,5715
JavaScript Tutorial: Learn JavaScript Code for Beginners,20,2074
Website Secrets: Get a Gorgeous Website on the Cheap,50,12328
Ultimate WordPress Plugin Course,100,4537
PHP for Beginners: How to Build an E-Commerce Store,100,5117
"Build Realtime Apps | React Js, Golang & RethinkDB",60,3854
"Master Electron: Desktop Apps using HTML, JavaScript & CSS",165,1902
The Complete Web Developer Masterclass: Beginner To Advanced,195,37141
Mastering Micro Services Using Java Spring Boot,195,1649
How to Create A Website: An HTML Tutorial and CSS Tutorial,65,3012
The Advanced Web Developer Course,100,6890
Projects in MongoDB - Learn MongoDB Building Projects,50,4628
Learning JavaScript Programming Tutorial. A Definitive Guide,50,17113
"The Complete JavaScript, HTML and CSS Tutorial For Beginners",35,244
"Build Modern Responsive Website With HTML5, CSS3 & Bootstrap",195,1472
The Complete JavaScript Course For Web Development Beginners,195,31499
Email Marketing: Send Unlimited Emails via Own Mail Server,35,3539
Getting started with JavaScript,200,1415
Learn the basics of the Web development: Coding Tactics,40,2965
RESTful API with Laravel 5.4: Definitive Guide,145,655
Learn AngularJS Step By Step,20,18777
Learn React : The World's Most Lucrative JavaScript Library,50,1591
Master Regular Expressions from scratch - All languages,70,1925
Try AngularJS: Beginner's Guide to Front End Web Development,50,16926
JavaScript Step by Step how to apply it to your web pages,100,13406
Explore JavaScript Beginners Guide to Coding JavaScript,200,5739
Learn Web Scraping with Node.js,75,16731
Getting Started with WordPress 2016,20,1613
Learn HTML5 Programming From Scratch,Free,268923
Getting Started with LESS - Beginner Crash Course,25,1780
Master ECMAScript 2015 (ES6),Free,7438
Learn to Setup Websites from Scratch,Free,21087
Create Fast RESTful APIs with Lumen and Homestead by Laravel,60,1157
"Build Modern Websites Quick With HTML,CSS and Bootstrap",20,912
Twitter Integration customize Tweets with developer API,115,2039
Build a Responsive Website with a Modern Flat Design,Free,16527
The Ultimate WordPress Boot Camp: Build 7 Websites,125,1000
Master the Basics of HTML5 & CSS3: Beginner Web Development,Free,26541
Become A Full Stack Web Developer in 14 Days,195,467
Projects In ReactJS - The Complete React Learning Course,50,947
Beginning Web development Learn the basics of HTML,95,9832
Step by Step Build Your Template by Bootstrap 4 from scratch,80,2184
Hosting your static website on Amazon AWS S3 service,20,2853
JavaScript Rockstar How to create Incredible Useful code,75,16590
Spring Core DevOps on AWS,100,1626
How to Create a Website Without Coding - WordPress 2016,195,9056
PHP Graphic Techniques: CAPTCHA/ Create a verification code,20,8320
Introductory To HTML and CSS,50,4106
Learn how to convert PSD to HTML and CSS responsive,30,5324
PHP User Login Registration Script With All Features,200,5603
AJAX : Let's build a COOL project,70,4183
Advanced WordPress Topics: Post Types Taxonomies & Metaboxes,95,301
Laravel Homestead,Free,3883
The Complete TypeScript Programming Guide for Web Developers,40,236
JavaScript with BackboneJS and Bootstrap CSS - Advanced,25,1758
Ruby on Rails Tutorial: Learn 6 Ruby on Rails SEO Techniques,200,1266
XML DOM :basics for beginners,35,920
Learn HTML Basics From Scratch,Free,5004
Byte-Sized-Chunks: Dynamic Prototypes in Javascript,20,880
Build Websites from Scratch with Squarespace,50,342
Introduction to web programming for GIS applications,100,205
Java Spring Security,40,527
Responsive Html5 Theme Development,20,1517
What’s New in Bootstrap 4,20,130
ReactJS Course: Learn JavaScript Library Used by Facebook&IG,50,1018
Building a Ruby on Rails Application with Neo4j,Free,4830
Sara Learns to Code.  Making an App from Scratch,60,402
Ajax  for Beginners: A Very Basic Introduction,65,755
Wordpress Essentials: Useful Plugins,25,1087
Django by Example,125,170
Build A Great Wordpress Website For Your Business in 2 Hours,35,1054
Wordpress on AWS: The Easy way to AWS for Free Fast hosting ,40,245
Mastering TypeScript,95,353
Mastering AngularJS UI Development,95,464
Custom Theme Creation for WordPress using HTML5 and CSS3,35,298
Create a PHP Contact Form in Bootstrap,20,2238
Introduction To Data Analytics Using Microsoft Power BI,45,1764
HTML Made Simple For Beginners: Create a One Page Website,65,3380
The Complete Web Developer Masterclass: Beginner To Advanced,20,1030
Website Builder Software Previews,25,1406
Learn How to Create Your Own Social Network,50,4732
"Learn By Example: The Foundations of HTML, CSS & Javascript",50,1724
JavaScript manipulation of the DOM Document Object Model,20,1618
Create Jekyll blog and host it on Github like a Ninja,20,5056
Learn React JS from scratch,115,1562
Web Security: Common Vulnerabilities And Their Mitigation,50,1547
PHP for Beginners,40,2626
Make a professional website - 30 Day Guarantee. Discounted!,20,11167
Symfony 3: Build a PHP Application with Symfony,20,466
Learn ASP.Net Web API 2 for Absolute Beginner,30,1355
Build a Website in 30 Minutes,95,5065
Google Blogger : How to Create a Blog,20,1763
How to Make a Website Without Coding- WordPress & Web Skills,30,6413
Learn WCF And Web APIs From Scratch,50,5398
How To Build A Website From Scratch + Blogging Blueprint,20,7017
Learn To Create Different Website Layouts & Media Queries ,195,6510
Build Sign Up and Login Forms With Bootstrap Modal,20,1898
"Build a Real Time web app in node.js , Angular.js, mongoDB",20,3299
Superb jQuery Course - Become Certified jQuery Developer,95,817
How To Build A Facebook Messenger Chat Bot From Scratch,120,1798
"Build Your Own Calculator App with Javascript, HTML5 & CSS",50,3688
The Complete WordPress Development & Customization Course,100,1611
HTML CSS Easy steps to create a web template from scratch,200,11574
Learn jQuery AJAX in 1 hour,195,2547
Develop Competitive Plugins for WordPress and WooCommerce,150,2063
Get Results - Core Principles of Web Development Tricks Tips,75,22355
JSON Faster Sleeker & Easier Discover the benefits learn it,200,8577
Get to know HTML Learn HTML Basics,200,10674
Ultimate Css & JQuery Form Designing From Beginner to Expert,115,783
PHP: Complete Registration and Login with Email Verification,20,12781
JavaScript from Beginner to Expert,125,5484
Build a website HTML5 CSS3 Beginner Course,150,7884
Learn Ruby on Rails: Stripe Payment Processing,40,15724
WordPress For Beginners | No Coding Required,20,3106
jQuery For Beginners : A Basic Introduction,65,6293
WordPress Plugins and Widgets,40,8711
PHP Essential How to create build Amazing websites with PHP,75,8067
HTML CSS JavaScript: Most popular ways to code HTML CSS JS,170,9332
Bootstrap 3 Beginners: Create a Professional Landing Page,20,3271
Introduction to Node.js for Beginners,125,1367
Introduction to Coding with Ruby,45,5077
Complete PHP and MySql Course: From Beginner to Professional,200,6508
Angular JS Essentials,195,4687
How To Setup Web Hosting,Free,11758
"Web Application Development using Redis, Express, and Socket",200,300
How to Start a WordPress Blog - Complete Beginners Guide!,Free,3784
CSS3 Gradients for Web Designers,20,1209
Learn ASP NET MVC 5 step by step,20,1428
Tumult Hype Pro Basics: HTML5 Animations Made Easier,50,716
Web Hosting Set Up and WordPress Installation For Beginners,Free,12563
Ruby on Rails 4---A Test-Driven Approach,100,1518
AJAX :basics for beginners,35,1241
Let's JavaScript!  Code a calculator,35,380
JavaScript from Beginner to Advanced,195,395
WordPress Theme Academy with Bootstrap,20,1169
Building a eCommerce Startup in 4 Hours [Livestream],50,1114
Responsive PHP Registration Form: From Scratch,95,5738
A-Frame WebVR Programming Tutorial Series (Virtual Reality),40,6648
Learn Bootstrap And Make Responsive Websites,25,1605
HTML Web Development Crash Course,20,4848
Bootstrap Basics: Program Responsive Websites,75,4743
Projects with JSON and APIs,20,1520
Web Design HTML CSS How to Create a Website from Scratch,50,3601
"Create Complete Sign up System using PHP, jQuery and Ajax",200,4033
Adobe Flash for Beginners - Build Flash Website From Scratch,200,17071
Learn Complete WordPress for Building a Professional Sites,80,13708
Devtools 2017: Beginner to Expert w/ Chrome Developer Tools,125,430
Bootstrap Essential Training - Create Your Very Own Website,20,2643
Angular 2 Jump Start With Typescript,20,1731
Learn Plugin Development in WordPress By Building  Projects,60,1313
"Build Your Startup with No Coding (Design, Develop & Ship)",30,775
The Web Developers Guide: Learn HTML & CSS Fundamentals,20,2243
Learn PHP Programming for Absolute Beginners - Lite,20,2749
Learn Drupal 8 - With a Live Project,55,2012
Supreme NodeJS Course - For Beginners,200,1080
CSS3 for beginners,195,3831
Javascript for beginners,75,2071
Become a Bootstrap Expert: Build 20 Layouts!,35,2755
PHP : Learn to upload files to Amazon S3 and use CloudFront,50,1216
PHP MySQL: Learn PHP MySQL with Project,20,2314
How to Set Up a Self-Hosted Wordpress Website in 30 Minutes,Free,8770
Projects in Django and Python,60,1764
"Create, Update and Manage Your Own Website Using Drupal 7",120,2837
Learn HTML - The programming language to build a webpage!,25,1655
Learn To Program JavaScript (in ten easy steps),75,2721
Bootstrap :basics for beginners,40,1152
Introduction to CSS Development,Free,15493
PHP :basics for beginners,45,1562
Beginning Oracle WebLogic for Administrators,Free,9786
Build an HTML5 and CSS3 Website in 35 Minutes,20,1904
Angular 2 Routing: Up And Running,Free,3357
Advanced Prezi: Make Amazing Presentations ,30,2200
1 hour jQuery,100,5456
The WpFASTER WordPress Speed Optimization Master Course,175,2134
How to Build Your Own Website with WordPress: A Step-by-Step Guide ,95,4675
Build Apps with ReactJS: The Complete Course,40,1433
Learn SASS: from beginner to expert,20,1734
The complete HTML5 course,20,3461
Create a Responsive Website with Bootstrap 3,50,4076
Lerning PHP by building website,185,567
Learn PHP Object Oriented Features with Simple Examples,20,1723
Crash Course - Learn to Create a PHP MVC Framework,50,1282
JSON :basics for beginners,45,2052
CSSCasts; CSS libraries Plugins Tips & Tricks for Developers,200,1874
Complete Guide to Front-End Web Development and Design,200,1119
"Build Ajax Web Apps with Laravel 5.2, Bootstrap and jQuery",100,1023
Javascript for Beginners,20,3697
MongooseJS Essentials - Learn MongoDB for Node.js,Free,21682
Regular Expressions for Beginners - Universal,100,1975
Learn Redis from Scratch,40,553
WordPress Plugin Development -> Deep dive discovery!,40,2650
Learn Ajax and jquery with PHP,20,2964
Create a business website with WordPress,50,1624
DesktopServer : Install WordPress Locally  - Work Anywhere!,65,1640
Understand PHP Arrays and HTTP Request in a Better Way,35,1627
Mastering CSS,95,1815
The Complete Wordpress Theme Development Guide,25,1011
The Complete HMTL5 Course - Go From Beginner To Advanced!,95,2430
Learn Jquery from Scratch 2-Hour Training ,20,5318
How to Create a Wordpress Website from Scratch - No Coding,20,7018
Learn PHP CodeIgniter Framework with AJAX and Bootstrap,75,1634
The Complete Guide to JavaScript Development,110,3590
Basic HTML CSS and Web Design,30,4030
Build Professional WordPress Website,145,4020
Ultimate CSS3 Course - From Beginners To Professional,95,2635
Code & Grow Rich:  Earn More As An Entrepreneur Or Developer,200,7211
Learn by Example : ReactJS,50,1496
React.js Quickly: Developing Scalable Web User Interfaces,50,4447
JavaScript - Tricks and Workarounds,100,1410
Kids Coding - Beginner HTML,20,6628
Learn PHP from scratch!!,25,1908
PHP with PDO - ULTIMATE Crash Course,50,1248
JavaScript for beginners with live examples,195,4587
Bootstrap 3 Introduction : Create RESPONSIVE Websites Fast,50,2351
Laravel(5.2) PHP Framework  Jump Start for beginners,20,3898
Professional WordPress Theme Development For 2017,20,3185
Learn Laravel PHP Framework Building Multi User SEO Blog APP,100,557
Javascript Specialist,200,408
Write PHP Like a Pro: Build a PHP MVC Framework From Scratch,70,1703
JavaScript Intro to learning JavaScript web programming,20,17554
Crash Course: Fundamentals Of HTML & CSS From Scratch.,20,7368
"Laravel, the complete guide with real world projects",200,676
VueJS V1 Introduction to VueJS JavaScript Framework,200,3632
HTML CSS: Essential steps to learn HTML CSS,145,10576
Learn HTML 5 in 1 hour,100,11643
Learn Html5 & CSS3 from scratch,20,13960
Responsive Web Design: Made Easy,195,5085
Parse Server: From Front End to Full Stack,200,1130
Codeigniter: How to use Codeigniter that drives knowledge,150,14606
jQuery for Beginners - Create Website Animations Easily,100,2971
How to Build Chat Bots: From Beginner to Intermediate,140,2814
Web Development with BootStrap - 16 Instant Themes Included!,40,1355
Install a Wordpress Theme the Correct Way & Charge Others,20,2335
Coding for Entrepreneurs Basic,Free,161029
The CSS and CSS3 Crash Course,150,2051
Build a Business or Personal Website Using Wordpress,200,1069
Learn By Example: PHP For Dynamic Websites,50,1439
Learn ReactJS: Code Like A Facebook Developer,20,1948
Learn to Build Web Apps using D3JS,40,841
How to create awesome website and e-commerce in 1 hour,20,937
Joomla for Beginners - Learn how to build a website with CMS,95,583
Learning Drupal 8,50,577
Learn How To Build a Web Application Without Coding,Free,9364
Rock Solid Wordpress Security - Secure Web Development,Free,5052
Mastering JavaScript,95,694
PHP Laravel 5:Creating a CRUD application,45,511
XQUERY :basics for beginners,40,937
PHP Development with the Laravel Framework,50,1611
WordPress Development - Themes and Plugins Complete Guide,200,103
Basic JavaScript: Build 4 Basic JavaScript Projects,40,670
HTML and CSS for Beginning Web Developers,100,1606
Popular JavaScript Framework:Learn The Language Of Angular 2,200,260
The Ultimate Guide to the Best WordPress Plugins Part 1,50,122
XSLT :basics for beginners,35,877
The Complete Wordpress Plugin Development Course - 8 Plugins,200,1215
JSON Crash Course for Beginners,45,3323
You can create Incredible Websites with HTML CSS learn how,100,11892
JavaScript Tricks how to create code projects from scratch,75,15106
The Sass Course! Learn Sass for Real-World Websites,95,975
Web Design How to Create a Website HTML CSS Bootstrap,75,5263
Master Angular 4 by Example - Build 7 Awesome Apps!,195,596
Create A Custom Responsive WordPress Website For A Client,95,7517
Mastering HTML5 Programming - The Easier Way,75,21653
How to Launch Your Own Website Builder Service,20,9028
Getting Started with HTML,40,7375
Spring Framework 4 (Java Enterprise JEE) with AngularJS,95,5177
Build A Weather App With Ajax Using Open Weather Map API,20,6548
Essentials of JavaScript Practice Coding Exercises Tips,80,28125
Learn and Earn with HTML & CSS,20,9349
Get started Creating Websites Everything you need provided,100,14260
JavaScript in Action JavaScript Projects,150,7720
Modern Web Development with Laravel 5.2 (PHP Framework),120,2142
Programming for Entrepreneurs - JavaScript,200,12873
Create a Website from Scratch using HTML CSS step by step,75,12882
Complete AJAX Course: Learn AJAX Techniques Using Bootstrap,195,12368
Learn jQuery by Example Course,170,8625
Bootstrap 4 Theme Development Masterclass,150,2641
Wordpress Theme Development for Beginners,20,1052
Web Design Creating websites from scratch,75,13920
HTML Learning the Basics Intro to HTML website coding,20,7416
Learn how to use Javascript Components with PHP and Symfony,90,1822
So you think you know JavaScript?,50,1010
Learn Node.js by building Udemy: Stripe + MailChimp + Wistia,110,1425
Learn jQuery: An In-depth Course For Beginners,50,7014
JavaScript for Beginning Web Developers,75,7785
JQuery Create Overlay Popups from scratch using Jquery,50,4407
Vue JS 2: From Beginner to Professional,145,602
Ultimate AngularJS: Build a Real-World App from Scratch,100,1712
Wordpress Site Migration,20,1894
introduction to HTML Course,20,3258
Create Single Page Website using Twitter Bootstrap 3,20,7449
The All-In-One Web Development Course,85,538
Code a Responsive Website Using HTML5 and CSS for Beginners,50,1271
AngularJS for the Real World - Learn by creating a WebApp,115,1407
Wordpress Tutorial   ,200,2311
Create a REAL Social Network like Facebook in PHP + MySQL,45,1002
Advanced Node.js Development,55,2565
ASP.NET MVC 5 Project - Facebook Clone,30,210
Bootstrap For Beginners: A  Basic Introduction,55,1186
jQuery for Beginners,20,1421
JavaScript Basics For Web Developers,20,958
Learn PHP from Scratch,50,1550
Learn Express,25,1309
"Build A Web App with VueJS, Spring Framework and MongoDB",145,251
Zend Framework 2: Learn the PHP framework ZF2 from scratch,40,723
Improved SEO with Rich Snippets and MicroData,Free,11026
X theme for WordPress: Responsive web design without code!,20,1318
Become a HTML and CSS Developer - Build a Responsive Site,Free,3894
How to Make a Wordpress Website 2017,Free,12293
Install Wordpress,20,1447
CSS Specialist: Comprehensive CSS Training,100,487
Introduction to Laravel 4,Free,9110
Introduction to Elm,Free,1519
Learn to Freelance with People Per hour  (URDU),20,948
Learn Wordpress 4 from Scratch : Create Awesome Websites,75,2023
Amazon Alexa Development: From Beginner to Intermediate,140,1858
The Build a SAAS App with Flask Course,40,2244
Learn JSON with JavaScript Objects and APIs in 1 hour,95,3619
1 Hour JavaScript,200,22999
Building An E-Commerce Store Using Java Spring Framework,95,2743
Typescript Masterclass & FREE E-Book,150,1229
PHP MVC Framework CodeIgniter Tutorial for Beginners Project,100,3701
JavaScript - Become Higly Paid Front End Developer,105,710
Object Oriented Programming (OOP) in PHP - Build An OOP Site,20,6588
Beginners Introduction to Web Development,200,7331
Django + AngularJS for a Powerful Web Application,95,4463
WordPress Academy: Learn WordPress step by step,150,1873
Web Development Essential Skills - Complete HTML and CSS,95,1388
Byte-Sized-Chunks: Closures in Javascript,20,1292
Laravel Account Activation Project,50,1147
WordPress: Create an Amazing Website With Ease,200,1109
Mastering the Google Chrome Developer Tools,20,2002
Kali Linux Web App Testing,75,876
Learn Ruby Programming The Easy Way - Lite,20,1186
"Web Scraping with Python, Ruby & import. io",75,973
Sending email with PHP: from Basic to Advanced,40,379
WordPress 2016 for Beginners : Build awesome websites!,20,2177
Learn to make websites with Google's Material Design Lite,20,1063
Joomla 3 : Develop a Professional Website in 3 Simple Steps!,35,1309
Complete Python Web Course: Build 8 Python Web Apps,110,7489
Web Design for Beginners: Real World Coding in HTML & CSS,100,9103
Ethereum Developer: Build A Decentralised Blockchain App,195,3169
The Complete Web Development Course -  Build 15 Projects,200,7501
Angular 2 + Rails 5 Bootcamp,150,1967
Javascript - From Beginner to Pro-Build real world JS apps,195,28694
Redux in Angular (2 and 4+),70,909
The complete JavaScript developer: MEAN stack zero-to-hero,75,4820
Running a Web Development Business: The Complete Guide,150,24575
Projects In JavaScript & JQuery,60,9109
Learn To Build Beautiful HTML5 And CSS3 Websites In 1 Month,50,18818
"Full stack Universal React with Redux, Node js and MongoDB",195,1121
Creating an MP3 Player with HTML5,20,14551
Be a Bootstrap Developer from scratch,100,5800
Create Your First Wordpress Site in Under an Hour,20,4867
Learn Coding as RF or Telecom Engineer - Build Real Program,25,1006
Creating FaceBook Design Using Bootstrap - Handson Project,80,4616
Building HTML5 Canvas projects from scratch,100,8968
Learn How To Become a Web Developer From Scratch,200,7062
"Earn Big Profits With Web Development, Simple and Easy!",90,3073
BDD with Ruby on Rails using RSpec 3 and Capybara,175,2706
Learn By Example: jQuery,50,1702
Professional Python Web Development Using Flask,120,3420
JavaScript HTML CSS Project make a Quiz Tutorial,95,7130
Voiceover Audio Secrets - Your Way to Top Audio Quality,195,918
jQuery UI In Depth,25,1520
Codeless Website Development with Adobe Muse,50,461
Learn To Build A Google Map App Using Angular 2,30,116
Learn Reactivex From Ground Up,40,207
Learn HTML in 59 Minutes - Your intro to front-end dev,35,333
WordPress Theme Customization 101 (for beginners),40,305
Supercharging Development With Atom Text Editor,20,644
Master WCF 4.0 From Scratch Using C#,50,415
Drupal 7 for Beginners,35,926
Critical Web Dev Skills & Tools for the Non-Tech Hustler,Free,3118
Install WordPress on Computer using XAMPP,Free,4290
Java Web Services Part 2,20,959
Complete PHP Course With Bootstrap3 CMS System & Admin Panel,195,55332
Learn To Create WordPress Themes By Building 10 Projects,60,2273
The Complete NodeJS Course: Build a Full Business Rating App,195,17784
Master the MEAN Stack - Learn By Example,195,25799
First Web Application with Spring Boot,40,2865
HTML5 and CSS3: Learn Web Design with HTML + CSS + Bootstrap,200,346
Backbone Tutorial: Learn Backbonejs from Scratch,90,4957
AngularJS Custom Directives with Dan Wahlin,75,4128
Angular 2+ with Typescript - Essential Training,195,29348
Learn Angular 2 from Beginner to Advanced,195,32696
Create an eCommerce Wordpress Website 2016 - New Divi Theme!,30,3503
HTML5 and CSS3 : Landing Pages for Entrepreneurs 2016,195,2354
Learning Docker and Kubernetes by Lab,30,586
Projects in ExpressJS - Learn ExpressJs building 10 projects,50,1949
PHP For Beginners : Learn PHP From Scratch!,100,1825
Bootstrap 4.0 New Features: Build Responsive Website,40,2296
ASP.NET MVC 5 Project - CMS and Shopping Cart with Paypal,30,550
Professional RESTful API Design using Python Flask,120,578
HTML5 APIs For JavaScript - A Course For Web Developers ,50,7706
Learn Python Django - A Hands-On Course,50,1339
Comprehensive JavaScript Programming,20,6760
Security for your WordPress site,85,1096
Try Django 1.9 | Build a Blog and Learn Python's #1 Library,50,7407
Accelerated ES6 JavaScript Training,110,5811
AWS Serverless APIs & Apps - A Complete Introduction,145,2145
Python and Django Full Stack Web Developer Bootcamp,200,11832
The Complete Elixir and Phoenix Bootcamp,50,5279
Build a Real-world App with ASP.NET Core and Angular 2 (4+),190,5332
REST APIs with Flask and Python,110,5151
Angular 4 (formerly Angular 2) - The Complete Guide,190,73783
Build Websites from Scratch with HTML & CSS,145,51257
PHP for Beginners -Become a PHP Master - Project Included,200,28880
The Professional Ruby on Rails Developer,100,17334
The Complete Ruby on Rails Developer Course,195,33677
Docker Technologies for DevOps and Developers,30,19210
JavaScript programming: JavaScript for beginners,55,2215
JSON in Action: Build JSON-Based Applications,50,1322
Learn Ruby Programming The Easy Way,35,3485
Learn OAuth 2.0 - Get started as an API Security Expert,95,2185
AngularJS For .Net Developers From Scratch,50,2494
"Jekyll: make fast, secure static sites and blogs with Jekyll",45,2091
HTML and CSS BootCamp for Beginners,30,1777
Hosting Django: Amazon Web Services (AWS) Fundamentals,45,2573
Angular Advanced MasterClass & FREE E-Book,150,228
Learn Responsive Web Development from Scratch,Free,59639
Build WordPress Plugin to extend Beaver Builder,50,1705
Coding Made Easy: A Beginners Guide To JavaScript,40,1950
The Complete Developers Guide to MongoDB,150,10945
Electron for Desktop Apps: The Complete Developer's Guide,50,2606
Vue JS 2 - The Complete Guide (incl. Vue Router & Vuex),190,17671
"React JS, Angular & Vue JS - Quickstart & Comparison",160,2273
The Complete JavaScript Course: Build a Real-World Project,195,27801
Angular (Angular 2 or 4) & NodeJS - The MEAN Stack Guide,150,17297
Angular 2 with TypeScript for Beginners: The Pragmatic Guide,150,40070
Meteor and React for Realtime Apps,140,6527
The Web Developer Bootcamp,200,121584
AngularJS JumpStart with Dan Wahlin,75,17802
The Complete Web Developer Course 2.0,200,114512
Ultimate Web Designer & Developer Course: Build 23 Projects!,200,33788
ExpressJS Fundamentals,Free,21245
REST WCF Service in ASP.NET,Free,7905
Projects in Node.js - Learn by Example,195,869
Building Data Visualizations with D3 and Angular 2,125,293
Learn Object Oriented PHP By Building a Complete Website,Free,36322
Web Programming Course : Asp.Net MVC,100,2760
Learn Spring Framework Practically - Hands On Recipies,145,522
One-stop Ruby on Rails: Build Web Applications from Scratch,145,1628
Learn what's new in PHP 7,Free,12336
Dive Into Docker: The Docker Course for Developers,Free,6437
"Basic Concepts of Web Development, HTTP and Java Servlets",35,2797
The Most Comprehensive Web Development Course,200,333
Learn and Understand AngularJS,175,59361
JavaScript: Understanding the Weird Parts,175,79612
Webpack 2: The Complete Developer's Guide,75,8964
Build Responsive Real World Websites with HTML5 and CSS3,195,43977
ES6 Javascript: The Complete Developer's Guide,80,13010
Learn and Understand NodeJS,195,58208
Understanding TypeScript,110,9132
Advanced React and Redux,140,21998
Modern React with Redux,180,50815
Angular Styling & Animations (for Angular 2 and Angular 4),120,4138
The Complete ASP.NET MVC 5 Course,190,20652
GraphQL with React: The Complete Developers Guide,150,6412
"Create a Simple Photo Gallery with Dropzonejs, Slick and PHP",Free,2464
WordPress in under an hour - Create/manage your own website!,Free,6474
Twitter Bootstrap 2 for Beginners,20,2388
Bootstrap Tutorial - Essentials From Basic to Advanced,195,1494
Create an Engaging Website with Twitter Bootstrap 2.x,20,1463
Javascript :basics for beginners,30,1057
CSS Tutorial For Beginners: Style Your Wordpress Templates,35,1049
HTML5 And CSS3 - Build Modern Responsive Websites,175,109
PSD to HTML5/CSS3 using Twitter Bootstrap 3! ,95,2073
Web Development: Make A Website That Will Sell For Thousands,50,1116
WordPress Basics to Business: Share and Sell your Expertise,50,1125
PHP Zend Framework 2:Creating a CRUD Application,40,802
JavaScript Fundamentals,Free,4409
Building a Website With Jekyll,20,686
Big Data and Apache Hadoop for Developers - Fundamentals,30,1154
Wordpress Development : Create a Custom Wordpress Website,120,885
How to Make a Wordpress Website 2017,Free,2437
RESTful Services with ASP.NET Web API,85,716
Web Hosting Fundamentals,20,1867
Learning Path: React: Make Stunning React Websites,200,91
Administering Microsoft SQL Server 2012 Databases - 70-462,60,586
PHP CodeIgniter:CRUD concepts in MVC,40,601
Adobe Experience Manager CMS Basics,35,81
Introduction to Frontend Web Development For  Beginners,145,1018
PHP: Complete Login and Registration System with PHP & MYSQL,200,1448
JavaScript Complete Guide to learning JavaScript,200,1296
Advanced Scalable Python Web Development Using Flask,120,1299
jQuery for Absolute Beginners - Lite,20,1769
HTML Complete Course - Beginner to Expert,Free,20073
Cross-Platform Development with ASP.NET Core 1.0 MVC,35,601
Build a Photo Blog with Ruby on Rails,20,2281
Practical PHP: Master the Basics and Code Dynamic Websites,Free,83737
Sass Workflow,Free,20890
Learn PHP Fundamentals From Scratch,Free,48650
XML For Absolute Beginners: Learn to create your own tags,75,1945
Joomla: Create a Joomla Website This Weekend With NO CODING!,Free,18496
JavaScript for beginners - A Complete Guide,100,1193
Laravel Deployment - Launch your Laravel Application Online,Free,4905
WordPress Development Crash Course: From Zero To Hero,60,1699
Learn how to create a WordPress theme using Pinegrow,Free,11812
Learn to Build Web Apps using Laravel Framework,30,746
Flexbox: The complete guide,35,189
How to Safely Copy and Move Your WordPress Website,60,1419
AngularJs :basics for beginners,45,1237
JSON For Beginners: A Very Basic Introduction,65,1703
Learn SASS and improve your CSS,55,1849
Angular Tutorial For Beginners,Free,5397
HTML and CSS for Absolute Beginners,Free,4410
"JavaScript, jQuery and Ajax",20,1554
Laravel Blog Development Starter,Free,4499
React: Learn ReactJS Fundamentals for Front-End Developers,55,1993
JavaScript For Absolute Beginners - Level Two,30,424
How To Create A Real Estate Website With Wordpress 2017,Free,3782
The Complete HTML5 and CSS3 Course - with 8 Websites Design,30,1551
Introduction to Modern Programming with PHP,20,954
HTML Introduction Course: Learn HTML in 2 hours!!!,Free,7304
Learn HTML & CSS: How To Start Your Web Development Career,Free,15462
React vs Angular vs Vue.js by Example,Free,6958
Create WordPress Plugins,50,964
Build and Deploy a LAMP server on AWS,Free,3571
Build your own Beautiful Blog in WordPress + SEO,200,2421
AngularJS Authentication: Secure Your App with Auth0,Free,21689
Learn Bootstrap 4 by Example,Free,5542
Complete WooCommerce Plugin Tutorial For Wordpress 2017,Free,7922
How To Build And Make A Wordpress Website From Scratch 2017,Free,7055
Docker for Developers - Newest Version 1.12 with Swarm Mode,95,767
Angular Material - Quickstart,Free,3766
HTML and CSS for Beginners - Build a Website & Launch ONLINE,Free,70773
"Core: A Web App Reference Guide for Django, Python, and More",195,2497
"JSON with Java APIs, jQuery and JSON REST Web Services",95,799
Bootstrap 4 Quick Start: Code Modern Responsive Websites,Free,41478
Learn Symfony 3 framework by practical examples,125,867
"Complete Web Development with HTML, CSS and Javascript",Free,2097
Web Hosting Introduction: How to Publish Your Website Online,Free,5533
Django For Beginners,175,534
Introduction to QGIS Python Programming,85,197
Learning Object-Oriented JavaScript,75,533
Bootstrap Tutorial for Beginners,20,1036
Learn Bootstrap3 With Multi Purposes Single Page Layout,Free,4503
HTML for Beginners,Free,8592
How to Build WordPress Themes: A Web Designer's Guide,165,183
XML DTD :basics for beginners,35,903
Learn to make an HTML 5 website with a video background,80,1236
Learn Authentication With ASP.NET Identity Security 2017,50,305
HTML and CSS Foundations,Free,1544
Python Web Programming,100,1020
Build a Complete Registration and Login System using PHP MVC,80,325
ES6 / EcmaScript 6 for beginners an introduction,Free,3227
React for visual learners,20,659
Learn to Create Advance Responsive Websites With Bootstrap,20,2528
Master the Art of Web Design with HTML & CSS,145,550
Sell Courses On Your Own Website - No Coding Required!,100,1032
Implementing a Data Warehouse with SQL Server 2012 ,85,1142
Learning 200 jQuery Functions with 800 Examples,195,1766
Create Complete Web Applications easily with APEX 5,30,912
"Learn Gulp, The Streaming Build System",25,1305
Perfect React JS Course - Understand Relevant Details,200,653
Create a classified website in 2 hours - guaranteed,50,3411
Learn HTML And CSS From Scratch,Free,11533
Become a Certified Web Developer - Beginner to Expert,200,3397
Complete Bootstrap 4 course - build 3 projects,Free,7865
Up and Running with Phalcon,20,715
HTML : HTML Awesomeness,25,988
Build CRUD Application - PHP & Mysql,Free,4405
All You Need To Know About AngularJS - Training On AngularJS,50,1936
PSD To a Creative Landing Page Using Twitter Bootstrap 3,Free,11666
Ready for Production with Spring Boot Actuator,55,361
AngularJS For Beginners,Free,30531
Learning Path: Akka: Building Applications and Microservices,200,88
Set up a localhost Web Server for Faster Website Development,30,55
Mastering Meteor: Reactive Full Stack JavaScript,95,494
Build A Professional Wordpress Website In An Hour,20,1294
Build a file hosting/sharing site in less than 2 hours ,20,976
Introduction to Java Programming for Online Learners,200,1586
Create full featured Landing Page in Ruby on Rails in 3 hour,30,1550
How to create a  video blog with WordPress,25,1209
PHP For WordPress Development,35,850
Create a Professional Website Without Programming/Coding,Free,5421
How to Build an Autocomplete System Like Google,30,255
Master EmberJS : Learn Ember JS From Scratch,120,707
How To Make A Modern Wordpress BLOG 2017! Create Your Blog!,Free,6856
Learn Top Ten PHP FrameWorks By Building Projects,60,1007
How to Make a Video Blog Website From Scratch w/ Wordpress ,Free,12952
Build Websites And Apps By Outsourcing,20,2299
Learning Path: Web Applications with Spring and Angular,200,19
Learn Ruby on Rails By Building Projects,60,1736
Canvas image Creator HTML5 JavaScript project from Scratch,100,2195
Javascript Essentials,Free,47062
Devtools 2017: The Basics of Chrome Developer Tools,Free,4569
Chrome Extensions : Develop 5 chrome extensions from scratch,Free,3655
Learn how to quickly build websites using Wordpress,Free,15715
Advance Unix : File Processing: AWK | SED | GREP | CUT | VIM,75,578
Develop a Professional OnePage WordPress site With No Coding,20,1747
PHP Specialist (2017 Edition),100,197
Python Programming: Create an Digital Marketplace in Django,195,4198
Create Ajax Chat App with PHP & Mysql,45,540
Mastering Thymeleaf with Spring,75,942
Learn Rails Programming in Less than 2 Hours,35,2470
Wordpress Backup & Restore,95,478
Learn JavaScript Dynamic Interactive Projects for Beginners,100,2558
Build Modern Websites Super Fast,25,2178
SAP - Learn SAPUI5 Professional Development,195,860
Wordpress Security,95,2888
Learn HTML5 At Your Own Pace. Ideal for Beginners,50,3026
Build an Amazon clone: Nodejs + MongoDB + Stripe Payment,20,2164
Build Real World Websites from Scratch using HTML5 and CSS3,195,10874
How to become an App Developer,200,1935
"Modern JavaScript: Building Real-World, Real-Time Apps",50,1871
JavaScript Introduction to Object Oriented JavaScript,90,7789
Core HTML How to get online quickly HTML to HTML5 ,90,10394
Building Websites JavaScript and the DOM,120,17759
Complete Login and Registration System in PHP and MYSQL,200,4714
The Complete E-Commerce Web Developer Course 5.0,195,3209
HTML5 canvas Bootcamp for beginners 25 easy steps,120,14118
Advanced HTML5 Tutorial for Web Developers,50,11847
Learn the Basics of Programming for Marketers,55,11339
Css For Beginners,85,1156
GRUNT js: Automate web development tasks and save your time,55,1534
Mastering Web and Mobile Debugging Using Chrome Dev Tools,195,1102
HTML : Beginner Guide to HTML writing,20,783
Build Web Apps Using EmberJS: The Complete Course,40,627
SharePoint 2013 Development using C# - Part I,50,891
SAP Crystal Reports with ASP.Net (Step by step),Free,7484
Building Responsive Data Visualizations with D3 JS,85,876
Learn Rails Programming in Less than 30 Minute - Lite,20,1235
SASS - Beginner Crash Course,25,1143
Angular 2 Fundamentals for Web Developers,40,450
Easily Learn Web Development With Drop & Drag: OptimizePress,20,1442
XML XSLT - Crash Course for Beginners,45,426
Create Your Own Successful Online School To Sell Courses,95,2814
Flask Tutorial Step by Step,Free,4645
Ruby on Rails a Beginners Guide ,Free,13130
Mastering Basic CSS Selectors.,Free,3933
Create a Website Similar to Facebook from Scratch!,25,2197
Comprehensive TypeScript,125,1318
"Essential HTML, CSS & HTML5 Training",50,1553
HTML 5 and CSS 3 - tricks and workarounds,80,2007
"How to Register a Domain, Set Up Hosting, and Edit Web Pages",45,1540
WordPress Plugins Treasure Chest,25,1655
Practical Understanding of PHP and MySQL,Free,12201
"AngularJS for Beginners, Single-Page Applications Made Easy",200,1284
Building a Social Network in PHP & MySQL From Scratch,50,869
XML DOM - Crash Course for Beginners,45,396
Create a Powerful Website with the Cool Bootstrap Framework,Free,7142
HTML5 and CSS3 -Start building beautiful websites,150,1414
Getting Started as a Web Developer,Free,9833
Learn Laravel: Create Your Web App Step-By-Step,45,604
Professional Web Scraping with Java,50,685
3D Programming with WebGL and Babylon.js for Beginners,200,549
Learn to make a colorful one page website,200,1220
WordPress Plugin Tutorial,40,1588
Introduction to HTML,Free,8371
Learn JavaScript From Scratch:Become Top Rated Web Developer,65,2570
"Installing Wordpress 4 - Installation, Registrars & Hosting",45,6117
Learn PHP Programming for Absolute Beginners,35,5368
WordPress for Beginners 2017 + Google AdSense Implementation,195,2225
JavaScript for beginners in 1 hour,95,2086
HTML5 and CSS for Beginner To Expert,20,1732
Become a Kick-Ass Web Developer: From Newbie to Pro,200,6751
Django Tutorial: Build Your First App Fast & Free! ,20,5228
Create a social network using PHP Mysqli HTML Css and JQuery,40,1477
PHP - Send and Receive Mobile Text Messages (SMS),50,1626
Complete PHP Course with OOP Start to Finish!,200,4529
Coding Made Easy: HTML & CSS For Beginners,40,3254
WordPress Security - The Ultimate Security Guide,60,2267
How to Make a Single Page Website for Freelancers & Agencies,Free,17463
Learn to Use jQuery UI Widgets,Free,23669
Learn to Create Responsive Layouts in 30 Minutes,Free,5301
Web Building Starter Pack. Html Css and JQuery Animations,30,1033
Getting Started with Angular 2+,Free,6909
Intro to PHP Web Application Development with Symfony,200,4040
Learn OAuth 2.0 - Theory and Hands On,145,546
Learning CSS3 - A Comprehensive Tutorial For Web Developers,50,2459
Professional WordPress Theme Development from Scratch,200,1284
PHP Zend Framework 1.11:Creating a CRUD Application,40,1122
Write quicker HTML5 and CSS 3; productivity hacks with emmet,Free,13016
The Ultimate jQuery Course,20,1098
Build an Advanced Single Page with Bootstrap & WordPress,95,481
Master all PHP ideas 2017 to build any project,50,376
A Beginner's Guide to the Meteor JavaScript Framework,50,898
Create an E-commerce website without any coding,20,1393
Learn To Build Apps Using Play Framework,40,434
Introducing Ionic 2,50,394
Learn Laravel with Database Migration & Seeding & Faker,20,263
Create a Client Network by Hosting WordPress Sites,35,1061
Introduction to PHP Slim Microframework,20,1312
ASP :basics for beginners,35,764
"WordPress Development With NodeJS, Gulp, Composer & More",25,289
Become PHP Facebook Developer: Password-Less Authentication,195,4001
How To Create Your Very First Website With HTML and CSS,100,5097
Learn JSON for beginners with JavaScript,200,3193
Ultimate guide to Social Media Web development integration ,200,11011
A Complete Laravel basics from beginner to expert,25,3492
JQuery Basics - Learn JQuery From Scratch,100,3559
Learn MeteorJS By Building 10 Real World Projects,50,2784
JavaScript Basics for Beginners Introduction to coding,150,5495
AngularJS Masterclass - Deep Dive & Understand AngularJS,100,2912
HTML5 for beginners,195,9687
All in one HTML CSS and JQuery,20,3444
Responsive Design with NEW Materialize,75,12629
Create a Responsive Business Website with WordPress,95,1659
PHP webservices,30,1305
JavaScript Promises: Applications in ES6 and AngularJS,75,651
Learn to build 20 websites and build 14 iOS9 apps with swift,40,1926
Professional CSS Flexbox,35,396
XML :basics for beginners,40,1062
How to create Paypal and Credit card Payment Buttons,65,578
Customizr - Learn WordPress with the ultimate creative theme,Free,4735
How To Create a Local Wordpress Environment,Free,4306
Fun and creative web engineering with Python and Web2py,Free,10917
WordPress for Beginners - Build Your First Website in 2017,100,1701
Learn to Make an Animated Image Gallery using HTML5,Free,11080
Projects in Foundation Framework - Learn By Building 10 Apps,50,636
Drupal for Beginners,30,1478
Laravel : CRUD Application Using AJAX In Laravel 5.3,20,362
Foundations of Front-End Web Development,Free,8337
Angular 2 - Superheroic Framework,20,702
Social Network Web Development,200,2698
For Free - Deploy Quickly Spring Boot on Heroku With MySQL,95,177
Building Web Applications with Spring MVC,85,714
"HTML5, CSS3 & Bootstrap - How to Create a Responsive Website",20,1062
HTML & CSS - Learn to build sleek websites ,55,1552
Master Angular 2 - The No Nonsense Course,25,102
Master ASP . NET 4 from scratch,50,613
CoffeeScript: The Good Parts—Write Better javaScript,50,2152
Mastering Magento,85,1063
Ultimate JavaScript Strings,Free,3142
Your Own Site in 45 Min: The Complete Wordpress Course,120,1566
Redirect Your Visitors By Country Easily -Wordpress Tutorial,20,2306
Learn Knockout JS Framework from GroundUp,40,633
Build Responsive Websites  in an Hour using Portalfin,Free,2859
Master Riot: Learn Riot.js from Scratch,125,299
Learn W3.CSS,50,1002
Learning Axure RP,75,631
"Complete guide to install Wordpress, PHP on Cloud,AWS or VPS",50,1386
"Kids Coding -Introduction to HTML, CSS and JavaScript",200,2355
Introduction to Voice Design with Amazon's Alexa,Free,6742
How to Create a Social Network For a Niche-Related Community,100,1853
Webpack 1 & 2 - The Complete Guide,40,252
Star Rating Project AJAX with JSON response from PHP MySQL,120,1302
Wordpress for beginners :Build Websites Fast without Coding ,50,1658
ASP.Net MVC Quick Start,Free,15092
Build a Chatbot integrated Website using Bootstrap 4,50,165
How To Create A WordPress Website Without Paying A Developer,20,4333
PSD to Bootstrap 3 for Beginners using HTML & CSS,20,976
Build Advanced Responsive Websites with Foundation 6 & SASS,200,1276
Learn Essential Javascript Fundamentals - Lite,20,1476
Learn HTML in 2 hours!,Free,5351
Laravel 4 try and enjoy php coding,20,2402
Wordpress Beginner Tutorial: Build Your First Website,Free,6402
Build Complex Express Sites with Redis and Socket IO,125,223
Building a ASP.NET MVC 5 Membership Website,95,654
Drupal Views: Introduction to Enhancing Your Drupal Website,105,1262
Bootstrap Bootcamp - Responsive web development- 8 projects,100,253
Self Advertise Using PowerPoint Twitter and Facebook on ios,20,1780
Learning Bootstrap 3 - Tutorial From Infinite Skills,50,1266
Practical Web Development: Make Websites Quickly And Easily,20,2389
"Learn animation using CSS3, Javascript and HTML5",40,1468
Creating Interactive HTML5 Video,25,838
Optimizing Wordpress for More Speed and Revenue,Free,2649
JavaScript project Learn to create a memory Game and more,95,6000
The Complete JavaScript Bootcamp,195,1839
JavaScript for Absolute Beginners,20,10689
Complete JavaScript Course for Beginners with Easy Examples,200,7449
Angular 2 Master Class with Alejandro Rangel,30,4157
Quick learning jQuery web development,150,3388
Google Blogger Course,60,1343
"Ajax in JavaScript and JQuery, with PHP - Creating Chat App",200,3399
PHP Tutorial: Learn PHP Basic Programming for Beginners,20,2510
Mastering Modern Web Development Using React,195,1537
"Full Stack JavaScript: Learn Backbone.js, Node.js & MongoDB",50,6134
The Essential Web Developer Course - Build 12 Websites,200,9355
Build Powerful Websites & Blogs using WordPress - No Coding,20,1024
Learn to Build Web Apps using UnderscoreJS : Code Like a Pro,40,325
Building Web Apps Using Flask and Neo4j,50,166
Learn Web Animation the Easy Way: An Intro to SVG and GSAP,50,203
Build Your Own Membership Website With Joomla,95,1134
Learn Spring Security 4 Basics - Hands On,95,216
Display and analyze GIS data on the web with Leaflet.js,100,25
How to Build a CMS with PHP,50,1096
Responsive Web Design with HTML5 and CSS3 - Introduction,35,770
Master Typescript : Learn Typescript from scratch,95,424
XSD :basics for beginners,35,755
Angularjs-WebApi2-EFCodeFirst Web App On 3-Tier Architecture,60,652
Css Positioning For Absolute Beginners: A Basic Introduction,65,4797
Creating User Authentication System in CodeIgniter,200,2783
How to easily Manage your WordPress Website,20,8462
Wordpress For Beginners: Create a Professional Website,200,5129
"Building a Portfolio in 90 minutes ( HTML, CSS, Js ) ",20,5272
Automate Web Development With Gulp JS,20,2784
Bootstrap 4 Responsive Web Design and Development,20,3086
Intro To HTML & CSS: Web Development For Beginners,20,6008
Become Exceptional in HTML and HTML5,20,16486
Become a Rockstar Web Developer - Learn By Coding,200,2076
Spring 4 Mastercourse: Covers Annotation & XML Configuration,200,1353
WordPress Plugin Development for 2017 - Build 14 Plugins,50,3770
Single Page Application of MVC 5 Using AngularJS,20,722
"Learn to Code in HTML5, CSS3, and JavaScript",20,1404
Web Application Development - Learn by Building 3 Web Apps,30,1688
Rails Ecommerce App with HTML Template from Themeforest,25,214
Writing CSS with {LESS} - Tutorial From Infinite Skills,50,788
Login and Registration from Scratch with PHP and MySQL,20,1128
Getting Started with Magento,85,608
Ruby on Rails Foundations,20,359
Core Concepts in HTML 5,75,1532
Learn Azure Cloud Step by Step,20,791
Learn Facebook Flux Architecture for Web Applications,40,395
"Create free, fast and secure static website",50,322
Object Orientation in PHP,20,151
Creating Custom Web Maps,50,208
Build A YouTube Downloader With C# And GitHub,20,385
Querying Microsoft SQL Server 2012 - (Exam No. 70-461),85,666
HTTP Clients with Laravel: Use and Consume Services and APIs,65,237
Modern E-Commerce Store In php & mysqli With Bootstrap,50,240
Simple And Easy: Wordpress For Beginners,Free,5014
Create Website from scratch in Urdu & Hindi,Free,3033
Advance Unix : File Processing: AWK | GREP | VIM,20,458
Introduction to Node.js Development,55,1779
Advance JavaScript for Coders: Learn OOP in JavaScript,40,334
Web Development With Google Maps,50,222
jQuery UI Ultimate:Design Amazing Interfaces Using jQuery UI,145,422
Learn Spring Security 4 Intermediate - Hands On,95,227
Learning Path: The Road to Elasticsearch,200,50
HTML/CSS Bootcamp,40,194
JavaScript High Performance,95,458
Node:js : Building Rest Apis with Sails.js,100,61
Fundamentals of Angular 2 Full Stack Design,95,314
Create Newsletter Subscription Form with PHP/AJAX in 40 Min,50,586
AppML :basics for beginners,30,770
How to manage your own VPS and create websites,120,735
Learn BuddyPress: Build A Social Network with WordPress,20,1299
HTML FOR BEGINNERS,20,791
XML XQuery - Crash Course for Beginners,45,426
Simplified Cross Browser Web Testing Using VirtualBox,20,796
JavaScript and jQuery Basics: Start The Journey,25,1316
How to Install WordPress From Scratch,Free,8415
CSS :basics for beginners,30,1085
"WordPress Development - Themes, Plugins & Single Page Apps",150,817
Learn Effective HTML in No Time!,40,1275
HTML5 Geolocation in Depth:Build 7 HTML5 Geolocation Apps,90,1526
Building a Search Engine in PHP & MySQL,Free,10110
create a search engine for your website!,20,1832
Learn basics of HTML in 30 Minutes,20,945
JavaScript from Scratch for Very Beginners,30,1272
Learn Web Development by Creating a Social Network,200,442
CSS Image filters - The modern web images color manipulation,Free,6315
Building Responsive Websites with Bootstrap 3 Framework,75,1322
Create a Membership Site with Wishlist Member & Wordpress,95,557
Convert HTML Websites into PHP: Learn by Doing in 40 Minutes,50,540
17 Complete JavaScript   projects explained step by step,185,327
Mastering Unix : AWK Commands,20,358
Cakephp:Creating a CRUD application,40,803
HTML and CSS: A Guide to Web Design,25,1557
Drupal 8 Site Building,Free,1942
Learn Bootstrap 4 The Most Popular HTML5 CSS3 & JS Framework,200,279
Essentials of Spring 5.0 for Developers,125,34
The Extreme Web Development Course - For Beginners,200,1420
JQuery DOM and Ajax Concept Explained for Beginners,35,1812
HTML Forms For Beginners: A Basic Introduction  ,45,2472
Ultimate JavaScript Objects,20,1525
The Complete Web Developer Course - Build 20 Websites,20,2650
"Simple Javascript: Learn by Doing, Beginners Welcome!",25,2753
"Learn HTML, CSS, and Ruby on Rails: Build Your First Blog",20,2985
Learn HTML5 Canvas for beginners,100,2360
Bootstrap 4 Beginners: Code a Responsive Landing Page,30,948
Build Wordpress CMS Clone with Laravel 5,150,392
XML DTD - Crash Course for Beginners,45,944
Beginner Photoshop to HTML5 and CSS3,Free,73110
XPATH :basics for beginners,40,878
The Fastest Way to Create a Website Using Godaddy,30,1454
A how to guide in HTML,Free,7318
Building Better APIs with GraphQL,50,555
Learn Grunt with Examples: Automate Your Front End Workflow,20,496
Build A Stock Downloader With Visual Studio 2015 And C#,20,436
jQuery UI in Action: Build 5 jQuery UI Projects,150,382
Learn jQuery from Scratch - Master of JavaScript library,100,1040
How To Design A WordPress Website With No Coding At All,25,306
Learn and Build using Polymer,40,513
CSS Animations: Create Amazing Effects on Your Website,50,300
Using MODX CMS to Build Websites: A Beginner's Guide,45,901
